year,region_id,region_name,ons_code,road_category_id,road_category_name,road_category_description,total_link_length_km,total_link_length_miles,all_motor_vehicles
2023,6,London,E12000007,1,TM,"M or Class A Trunk Motorway",60.3,37.47,1556300000
2023,6,London,E12000007,2,PM,"M or Class A Principal Motorway",0,0,0
2023,6,London,E12000007,3,TA,"Class A Trunk road",1.6,0.99,12400000
2023,6,London,E12000007,4,PA,"Class A Principal road",1750.8,1087.9,9785100000
2023,6,London,E12000007,5,M,"Minor road",13004.69,8080.74,7842800000
2022,6,London,E12000007,1,TM,"M or Class A Trunk Motorway",60.3,37.47,1511400000
2022,6,London,E12000007,2,PM,"M or Class A Principal Motorway",0,0,0
2022,6,London,E12000007,3,TA,"Class A Trunk road",1.6,0.99,11000000
2022,6,London,E12000007,4,PA,"Class A Principal road",1749.4,1087.03,9839100000
2022,6,London,E12000007,5,M,"Minor road",13001.39,8078.69,7727900000
2021,6,London,E12000007,1,TM,"M or Class A Trunk Motorway",60.3,37.47,1329600000
2021,6,London,E12000007,2,PM,"M or Class A Principal Motorway",0,0,0
2021,6,London,E12000007,3,TA,"Class A Trunk road",1.6,0.99,8900000
2021,6,London,E12000007,4,PA,"Class A Principal road",1750.1,1087.46,9445800000
2021,6,London,E12000007,5,M,"Minor road",12996.32,8075.54,7668900000
2020,6,London,E12000007,1,TM,"M or Class A Trunk Motorway",60.3,37.47,1223500000
2020,6,London,E12000007,2,PM,"M or Class A Principal Motorway",0,0,0
2020,6,London,E12000007,3,TA,"Class A Trunk road",1.6,0.99,7600000
2020,6,London,E12000007,4,PA,"Class A Principal road",1749.9,1087.34,8834400000
2020,6,London,E12000007,5,M,"Minor road",12994.52,8074.42,6548100000
2019,6,London,E12000007,1,TM,"M or Class A Trunk Motorway",60.3,37.47,1608200000
2019,6,London,E12000007,2,PM,"M or Class A Principal Motorway",0,0,0
2019,6,London,E12000007,3,TA,"Class A Trunk road",1.6,0.99,13100000
2019,6,London,E12000007,4,PA,"Class A Principal road",1747.5,1085.85,10631600000
2019,6,London,E12000007,5,M,"Minor road",13005.45,8081.21,8011500000
2018,6,London,E12000007,1,TM,"M or Class A Trunk Motorway",60.3,37.47,1593900000
2018,6,London,E12000007,2,PM,"M or Class A Principal Motorway",0,0,0
2018,6,London,E12000007,3,TA,"Class A Trunk road",1.6,0.99,13100000
2018,6,London,E12000007,4,PA,"Class A Principal road",1745.5,1084.6,10699500000
2018,6,London,E12000007,5,M,"Minor road",13000.33,8078.03,7686300000
2017,6,London,E12000007,1,TM,"M or Class A Trunk Motorway",60.1,37.34,1558600000
2017,6,London,E12000007,2,PM,"M or Class A Principal Motorway",0,0,0
2017,6,London,E12000007,3,TA,"Class A Trunk road",1.3,0.81,10400000
2017,6,London,E12000007,4,PA,"Class A Principal road",1716.5,1066.58,10385200000
2017,6,London,E12000007,5,M,"Minor road",13064.12,8117.67,8101100000
2016,6,London,E12000007,1,TM,"M or Class A Trunk Motorway",60.1,37.34,1536600000
2016,6,London,E12000007,2,PM,"M or Class A Principal Motorway",0,0,0
2016,6,London,E12000007,3,TA,"Class A Trunk road",1.3,0.81,10800000
2016,6,London,E12000007,4,PA,"Class A Principal road",1719.5,1068.45,10247300000
2016,6,London,E12000007,5,M,"Minor road",13052.63,8110.53,8288300000
2015,6,London,E12000007,1,TM,"M or Class A Trunk Motorway",60.1,37.34,1498800000
2015,6,London,E12000007,2,PM,"M or Class A Principal Motorway",0,0,0
2015,6,London,E12000007,3,TA,"Class A Trunk road",0,0,0
2015,6,London,E12000007,4,PA,"Class A Principal road",1719,1068.14,10222400000
2015,6,London,E12000007,5,M,"Minor road",13017.05,8088.42,7929000000
2014,6,London,E12000007,1,TM,"M or Class A Trunk Motorway",60.1,37.34,1468300000
2014,6,London,E12000007,2,PM,"M or Class A Principal Motorway",0,0,0
2014,6,London,E12000007,3,TA,"Class A Trunk road",0,0,0
2014,6,London,E12000007,4,PA,"Class A Principal road",1717.66,1067.3,10284900000
2014,6,London,E12000007,5,M,"Minor road",13065.08,8118.26,7927200000
2013,6,London,E12000007,1,TM,"M or Class A Trunk Motorway",60.1,37.34,1397000000
2013,6,London,E12000007,4,PA,"Class A Principal road",1713.16,1064.51,10184400000
2013,6,London,E12000007,5,M,"Minor road",13056.38,8112.86,7733100000
2012,6,London,E12000007,1,TM,"M or Class A Trunk Motorway",60.1,37.34,1394600000
2012,6,London,E12000007,4,PA,"Class A Principal road",1713.26,1064.57,10128600000
2012,6,London,E12000007,5,M,"Minor road",13041.17,8103.41,7817300000
2011,6,London,E12000007,1,TM,"M or Class A Trunk Motorway",60.1,37.34,1323800000
2011,6,London,E12000007,4,PA,"Class A Principal road",1712.9,1064.35,10366300000
2011,6,London,E12000007,5,M,"Minor road",13027.1,8094.66,7805200000
2010,6,London,E12000007,1,TM,"M or Class A Trunk Motorway",60.1,37.34,1371800000
2010,6,London,E12000007,4,PA,"Class A Principal road",1719.8,1068.63,10709200000
2010,6,London,E12000007,5,M,"Minor road",13039.2,8102.18,7771000000
2009,6,London,E12000007,1,TM,"M or Class A Trunk Motorway",60.1,37.34,1404800000
2009,6,London,E12000007,4,PA,"Class A Principal road",1720.9,1069.32,10684400000
2009,6,London,E12000007,5,M,"Minor road",13019.6,8090,8022400000
2008,6,London,E12000007,1,TM,"M or Class A Trunk Motorway",60.1,37.34,1389700000
2008,6,London,E12000007,4,PA,"Class A Principal road",1720.1,1068.82,10716400000
2008,6,London,E12000007,5,M,"Minor road",13015.6,8087.52,8127400000
2007,6,London,E12000007,1,TM,"M or Class A Trunk Motorway",60.1,37.34,1328300000
2007,6,London,E12000007,4,PA,"Class A Principal road",1720.1,1068.82,11101600000
2007,6,London,E12000007,5,M,"Minor road",13003.33,8079.89,8211400000
2006,6,London,E12000007,1,TM,"M or Class A Trunk Motorway",60.1,37.34,1357200000
2006,6,London,E12000007,4,PA,"Class A Principal road",1719.7,1068.57,11366600000
2006,6,London,E12000007,5,M,"Minor road",12965.8,8056.57,7957900000
2005,6,London,E12000007,1,TM,"M or Class A Trunk Motorway",60.1,37.34,1262600000
2005,6,London,E12000007,4,PA,"Class A Principal road",1718.96,1068.11,11172800000
2005,6,London,E12000007,5,M,"Minor road",12962.2,8054.34,7987300000
2004,6,London,E12000007,1,TM,"M or Class A Trunk Motorway",60.1,37.34,1292500000
2004,6,London,E12000007,4,PA,"Class A Principal road",1719.61,1068.52,11159800000
2004,6,London,E12000007,5,M,"Minor road",12901.4,8016.56,7911300000
2003,6,London,E12000007,1,TM,"M or Class A Trunk Motorway",60.1,37.34,1314600000
2003,6,London,E12000007,4,PA,"Class A Principal road",1719.11,1068.21,11223600000
2003,6,London,E12000007,5,M,"Minor road",12933.71,8036.63,7909900000
2002,6,London,E12000007,1,TM,"M or Class A Trunk Motorway",60.1,37.34,1374600000
2002,6,London,E12000007,4,PA,"Class A Principal road",1723.02,1070.63,11239600000
2002,6,London,E12000007,5,M,"Minor road",12895.7,8013.02,7801300000
2001,6,London,E12000007,1,TM,"M or Class A Trunk Motorway",60.1,37.34,1339900000
2001,6,London,E12000007,4,PA,"Class A Principal road",1720.8,1069.26,11466000000
2001,6,London,E12000007,5,M,"Minor road",12859.4,7990.46,7523900000
2000,6,London,E12000007,1,TM,"M or Class A Trunk Motorway",65.6,40.76,1475800000
2000,6,London,E12000007,3,TA,"Class A Trunk road",319.2,198.34,4150300000
2000,6,London,E12000007,4,PA,"Class A Principal road",1396,867.43,7234100000
2000,6,London,E12000007,5,M,"Minor road",12823,7967.84,7428200000
1999,6,London,E12000007,1,TM,"M or Class A Trunk Motorway",71.3,44.3,1556600000
1999,6,London,E12000007,3,TA,"Class A Trunk road",319.7,198.65,4055900000
1999,6,London,E12000007,4,PA,"Class A Principal road",1390.7,864.14,7287200000
1999,6,London,E12000007,5,M,"Minor road",12787.1,7945.54,7415400000
1998,6,London,E12000007,1,TM,"M or Class A Trunk Motorway",70.71,43.94,1557100000
1998,6,London,E12000007,3,TA,"Class A Trunk road",322.23,200.22,3900900000
1998,6,London,E12000007,4,PA,"Class A Principal road",1378.61,856.63,7133600000
1998,6,London,E12000007,5,M,"Minor road",12751.1,7923.17,7228100000
1997,6,London,E12000007,1,TM,"M or Class A Trunk Motorway",69.81,43.38,1525800000
1997,6,London,E12000007,3,TA,"Class A Trunk road",325.64,202.34,3889100000
1997,6,London,E12000007,4,PA,"Class A Principal road",1377.34,855.84,7170300000
1997,6,London,E12000007,5,M,"Minor road",12715.4,7900.98,7109100000
1996,6,London,E12000007,1,TM,"M or Class A Trunk Motorway",68.12,42.33,1453700000
1996,6,London,E12000007,3,TA,"Class A Trunk road",327.93,203.77,3895700000
1996,6,London,E12000007,4,PA,"Class A Principal road",1372.2,852.65,7161700000
1996,6,London,E12000007,5,M,"Minor road",12679.6,7878.74,7037700000
1995,6,London,E12000007,1,TM,"M or Class A Trunk Motorway",66.96,41.61,1377000000
1995,6,London,E12000007,3,TA,"Class A Trunk road",332.21,206.43,3881000000
1995,6,London,E12000007,4,PA,"Class A Principal road",1374.71,854.21,7146800000
1995,6,London,E12000007,5,M,"Minor road",12644,7856.62,6957600000
1994,6,London,E12000007,1,TM,"M or Class A Trunk Motorway",66.39,41.25,1311700000
1994,6,London,E12000007,3,TA,"Class A Trunk road",335.84,208.68,3942900000
1994,6,London,E12000007,4,PA,"Class A Principal road",1373.23,853.29,7155100000
1994,6,London,E12000007,5,M,"Minor road",12609,7834.87,6938900000
1993,6,London,E12000007,1,TM,"M or Class A Trunk Motorway",65.74,40.85,1245300000
1993,6,London,E12000007,3,TA,"Class A Trunk road",339.48,210.94,3913300000
1993,6,London,E12000007,4,PA,"Class A Principal road",1371.72,852.35,7035500000
1993,6,London,E12000007,5,M,"Minor road",12573.5,7812.81,6889500000
